01_all.png,01_most.png,01_some.png,01_none.png
02_all.png,02_most.png,02_some.png,02_none.png
03_all.png,03_most.png,03_some.png,03_none.png
04_all.png,04_most.png,04_some.png,04_none.png
05_all.png,05_most.png,05_some.png,05_none.png
06_all.png,06_most.png,06_some.png,06_none.png
07_all.png,07_most.png,07_some.png,07_none.png
08_all.png,08_most.png,08_some.png,08_none.png
09_all.png,09_most.png,09_some.png,09_none.png
10_all.png,10_most.png,10_some.png,10_none.png
11_all.png,11_most.png,11_some.png,11_none.png
12_all.png,12_most.png,12_some.png,12_none.png
13_all.png,13_most.png,13_some.png,13_none.png
14_all.png,14_most.png,14_some.png,14_none.png
15_all.png,15_most.png,15_some.png,15_none.png
16_all.png,16_most.png,16_some.png,16_none.png