filler17_all.png,filler17_most.png,filler17_some.png,filler17_none.png
filler18_all.png,filler18_most.png,filler18_some.png,filler18_none.png
filler19_all.png,filler19_most.png,filler19_some.png,filler19_none.png
filler20_all.png,filler20_most.png,filler20_some.png,filler20_none.png
filler21_all.png,filler21_most.png,filler21_some.png,filler21_none.png
filler22_all.png,filler22_most.png,filler22_some.png,filler22_none.png
filler23_all.png,filler23_most.png,filler23_some.png,filler23_none.png
filler24_all.png,filler24_most.png,filler24_some.png,filler24_none.png
25_4x_4y.png,25_4x_4y.png,25_4x_4y.png,25_4x_4y.png
26_4x_4y.png,26_4x_4y.png,26_4x_4y.png,26_4x_4y.png
27_4x_4y.png,27_4x_4y.png,27_4x_4y.png,27_4x_4y.png
28_4x_4y.png,28_4x_4y.png,28_4x_4y.png,28_4x_4y.png
29_4x_4y.png,29_4x_4y.png,29_4x_4y.png,29_4x_4y.png
30_4x_4y.png,30_4x_4y.png,30_4x_4y.png,30_4x_4y.png
31_4x_4y.png,31_4x_4y.png,31_4x_4y.png,31_4x_4y.png
32_2x_2y.png,32_2x_2y.png,32_2x_2y.png,32_2x_2y.png